frame_id,timestamp,predicted_ttc,predicted_driver_state,predicted_risk_score
0,0.000,inf,drowsy,80.0
1,0.050,29.466,drowsy,80.0
2,0.100,inf,drowsy,80.0
3,0.150,inf,drowsy,80.0
4,0.200,inf,drowsy,80.0
5,0.250,inf,drowsy,80.0
6,0.300,inf,drowsy,80.0
7,0.350,inf,drowsy,80.0
8,0.400,inf,drowsy,80.0
9,0.450,inf,drowsy,80.0
10,0.500,inf,drowsy,80.0
11,0.550,inf,drowsy,80.0
12,0.600,inf,drowsy,80.0
13,0.650,inf,drowsy,80.0
14,0.700,inf,drowsy,80.0
15,0.750,inf,drowsy,80.0
16,0.800,inf,drowsy,80.0
17,0.850,inf,drowsy,80.0
18,0.900,inf,drowsy,80.0
19,0.950,inf,drowsy,80.0
20,1.000,inf,alert,10.0
21,1.050,inf,alert,10.0
22,1.100,5.888,alert,10.0
23,1.150,inf,distracted,60.0
24,1.200,inf,distracted,60.0
25,1.250,inf,distracted,60.0
26,1.300,inf,distracted,60.0
27,1.350,inf,distracted,70.0
28,1.400,inf,distracted,60.0
29,1.450,inf,distracted,70.0
30,1.500,inf,distracted,60.0
31,1.550,inf,distracted,60.0
32,1.600,inf,distracted,60.0
33,1.650,inf,distracted,70.0
34,1.700,inf,distracted,70.0
35,1.750,inf,distracted,60.0
36,1.800,inf,distracted,95.0
37,1.850,inf,distracted,70.0
38,1.900,inf,distracted,95.0
39,1.950,inf,distracted,95.0
40,2.000,inf,drowsy,95.0
41,2.050,inf,drowsy,95.0
42,2.100,inf,distracted,95.0
43,2.150,inf,drowsy,80.0
44,2.200,inf,drowsy,95.0
45,2.250,inf,drowsy,80.0
46,2.300,inf,drowsy,80.0
47,2.350,inf,drowsy,80.0
48,2.400,inf,drowsy,80.0
49,2.450,inf,drowsy,80.0
50,2.500,inf,drowsy,80.0
51,2.550,inf,drowsy,80.0
52,2.600,inf,drowsy,80.0
53,2.650,inf,drowsy,80.0
54,2.700,inf,drowsy,80.0
55,2.750,inf,drowsy,80.0
56,2.800,inf,drowsy,80.0
57,2.850,inf,drowsy,80.0
58,2.900,inf,drowsy,80.0
59,2.950,inf,drowsy,80.0
60,3.000,inf,drowsy,80.0
61,3.050,inf,drowsy,80.0
62,3.100,inf,drowsy,80.0
63,3.150,inf,drowsy,80.0
64,3.200,inf,drowsy,80.0
65,3.250,inf,drowsy,80.0
66,3.300,inf,drowsy,80.0
67,3.350,inf,drowsy,80.0
68,3.400,inf,drowsy,80.0
69,3.450,inf,drowsy,80.0
70,3.500,inf,drowsy,80.0
71,3.550,inf,drowsy,80.0
72,3.600,inf,drowsy,80.0
73,3.650,inf,drowsy,80.0
74,3.700,inf,drowsy,80.0
75,3.750,inf,drowsy,80.0
76,3.800,inf,drowsy,80.0
77,3.850,inf,drowsy,80.0
78,3.900,inf,drowsy,80.0
79,3.950,inf,drowsy,80.0
80,4.000,inf,drowsy,80.0
81,4.050,inf,drowsy,80.0
82,4.100,inf,drowsy,80.0
83,4.150,inf,drowsy,80.0
84,4.200,inf,drowsy,80.0
85,4.250,inf,drowsy,80.0
86,4.300,inf,drowsy,80.0
87,4.350,inf,drowsy,80.0
88,4.400,inf,drowsy,80.0
89,4.450,inf,drowsy,80.0
90,4.500,inf,drowsy,80.0
91,4.550,inf,drowsy,80.0
92,4.600,inf,drowsy,80.0
93,4.650,inf,drowsy,80.0
94,4.700,inf,drowsy,80.0
95,4.750,inf,drowsy,80.0
96,4.800,inf,drowsy,80.0
97,4.850,inf,distracted,60.0
98,4.900,inf,drowsy,80.0
99,4.950,inf,drowsy,80.0
100,5.000,inf,drowsy,80.0
101,5.050,inf,drowsy,80.0
102,5.100,inf,drowsy,80.0
103,5.150,inf,drowsy,80.0
104,5.200,inf,drowsy,80.0
105,5.250,inf,drowsy,80.0
106,5.300,inf,drowsy,80.0
107,5.350,inf,drowsy,80.0
108,5.400,inf,drowsy,80.0
109,5.450,2.671,distracted,70.0
110,5.500,5.139,distracted,95.0
111,5.550,6.055,distracted,60.0
112,5.600,5.586,distracted,95.0
113,5.650,5.540,distracted,95.0
114,5.700,2.332,distracted,95.0
115,5.750,5.406,drowsy,95.0
116,5.800,5.413,drowsy,95.0
117,5.850,6.558,drowsy,95.0
118,5.900,6.115,drowsy,95.0
119,5.950,6.124,drowsy,95.0
120,6.000,5.724,drowsy,95.0
121,6.050,5.734,drowsy,95.0
122,6.100,5.734,alert,95.0
123,6.150,5.738,alert,95.0
124,6.200,5.753,drowsy,95.0
125,6.250,5.991,alert,95.0
126,6.300,5.981,alert,95.0
127,6.350,5.977,alert,95.0
128,6.400,5.971,alert,10.0
129,6.450,5.973,alert,10.0
130,6.500,6.255,alert,10.0
131,6.550,6.261,alert,10.0
132,6.600,6.263,alert,10.0
133,6.650,6.270,alert,10.0
134,6.700,6.270,alert,10.0
135,6.750,6.578,alert,10.0
136,6.800,6.574,alert,10.0
137,6.850,6.576,alert,10.0
138,6.900,6.569,alert,10.0
139,6.950,6.569,alert,10.0
140,7.000,6.879,alert,10.0
141,7.050,6.882,alert,10.0
142,7.100,6.877,alert,10.0
143,7.150,6.882,alert,10.0
144,7.200,6.879,alert,10.0
145,7.250,7.213,alert,10.0
146,7.300,7.210,alert,10.0
147,7.350,7.215,alert,10.0
148,7.400,7.212,alert,10.0
149,7.450,7.214,alert,10.0
150,7.500,7.558,alert,10.0
151,7.550,7.561,distracted,60.0
152,7.600,7.556,distracted,60.0
153,7.650,7.558,distracted,60.0
154,7.700,7.553,distracted,60.0
155,7.750,7.886,alert,10.0
156,7.800,7.803,alert,10.0
157,7.850,7.680,alert,10.0
158,7.900,8.257,alert,10.0
159,7.950,8.067,alert,10.0
160,8.000,7.390,alert,10.0
161,8.050,7.197,drowsy,80.0
162,8.100,7.004,drowsy,80.0
163,8.150,6.819,drowsy,80.0
164,8.200,6.636,drowsy,80.0
165,8.250,6.052,alert,10.0
166,8.300,5.890,alert,10.0
167,8.350,5.740,alert,10.0
168,8.400,5.505,alert,10.0
169,8.450,5.379,distracted,60.0
170,8.500,4.972,distracted,60.0
171,8.550,4.869,distracted,60.0
172,8.600,4.772,distracted,60.0
173,8.650,4.680,alert,0.0
174,8.700,4.593,distracted,60.0
175,8.750,4.135,distracted,60.0
176,8.800,4.063,distracted,60.0
177,8.850,3.992,distracted,60.0
178,8.900,3.925,distracted,60.0
179,8.950,3.860,distracted,60.0
180,9.000,3.432,distracted,60.0
181,9.050,3.378,drowsy,80.0
182,9.100,3.326,drowsy,80.0
183,9.150,3.276,alert,40.0
184,9.200,3.228,alert,40.0
185,9.250,2.804,alert,40.0
186,9.300,2.764,alert,40.0
187,9.350,2.725,alert,40.0
188,9.400,2.688,alert,40.0
189,9.450,2.652,alert,40.0
190,9.500,2.244,alert,70.0
191,9.550,2.215,alert,70.0
192,9.600,2.187,alert,70.0
193,9.650,2.160,alert,70.0
194,9.700,2.048,alert,70.0
195,9.750,1.747,alert,70.0
196,9.800,1.726,alert,70.0
197,9.850,1.706,alert,70.0
198,9.900,1.687,alert,70.0
199,9.950,1.589,alert,70.0
200,10.000,1.292,alert,95.0
201,10.050,1.278,alert,95.0
202,10.100,1.265,alert,95.0
203,10.150,1.230,alert,95.0
204,10.200,1.162,alert,95.0
205,10.250,0.875,alert,95.0
206,10.300,0.866,alert,95.0
207,10.350,inf,alert,14.9
208,10.400,0.744,alert,95.0
209,10.450,inf,alert,95.0
210,10.500,inf,alert,95.0
211,10.550,inf,alert,95.0
212,10.600,inf,alert,95.0
213,10.650,inf,alert,95.0
214,10.700,inf,alert,95.0
215,10.750,inf,alert,95.0
216,10.800,inf,alert,95.0
217,10.850,inf,alert,95.0
218,10.900,inf,alert,26.0
219,10.950,inf,alert,27.0
220,11.000,inf,alert,28.0
221,11.050,inf,alert,28.9
222,11.100,inf,alert,29.9
223,11.150,inf,alert,30.9
224,11.200,inf,alert,31.8
225,11.250,inf,alert,32.8
226,11.300,inf,alert,33.7
227,11.350,inf,alert,34.6
228,11.400,inf,alert,35.6
229,11.450,inf,alert,36.5
230,11.500,2.264,alert,70.0
231,11.550,2.248,alert,70.0
232,11.600,2.232,alert,70.0
233,11.650,inf,alert,40.2
234,11.700,2.203,alert,70.0
235,11.750,1.888,alert,70.0
236,11.800,inf,alert,41.9
237,11.850,inf,alert,42.0
238,11.900,1.886,alert,70.0
239,11.950,1.793,alert,70.0
240,12.000,inf,alert,40.9
241,12.050,1.590,alert,70.0
242,12.100,3.685,alert,40.2
243,12.150,1.509,alert,70.0
244,12.200,1.509,alert,70.0
245,12.250,1.284,alert,95.0
246,12.300,1.283,alert,95.0
247,12.350,1.281,alert,95.0
248,12.400,1.221,alert,95.0
249,12.450,1.149,alert,95.0
250,12.500,0.947,alert,95.0
251,12.550,0.946,alert,95.0
252,12.600,0.945,alert,95.0
253,12.650,0.855,alert,95.0
254,12.700,0.820,alert,95.0
255,12.750,0.613,alert,95.0
256,12.800,0.613,alert,95.0
257,12.850,0.581,alert,95.0
258,12.900,3.498,alert,95.0
259,12.950,3.498,alert,95.0
260,13.000,3.458,alert,95.0
261,13.050,3.457,alert,95.0
262,13.100,3.455,distracted,95.0
263,13.150,3.454,distracted,95.0
264,13.200,3.453,distracted,95.0
265,13.250,3.407,distracted,95.0
266,13.300,3.407,distracted,60.0
267,13.350,3.408,distracted,60.0
268,13.400,3.409,distracted,60.0
269,13.450,3.409,distracted,60.0
270,13.500,3.357,drowsy,80.0
271,13.550,3.357,drowsy,80.0
272,13.600,3.358,drowsy,80.0
273,13.650,3.359,drowsy,80.0
274,13.700,3.374,drowsy,80.0
275,13.750,3.355,drowsy,80.0
276,13.800,3.389,drowsy,80.0
277,13.850,3.417,distracted,60.0
278,13.900,3.435,drowsy,80.0
279,13.950,3.441,drowsy,80.0
280,14.000,3.388,drowsy,80.0
281,14.050,3.379,drowsy,80.0
282,14.100,3.367,drowsy,80.0
283,14.150,3.352,drowsy,80.0
284,14.200,3.350,drowsy,80.0
285,14.250,3.313,drowsy,80.0
286,14.300,3.351,drowsy,80.0
287,14.350,3.401,drowsy,80.0
288,14.400,3.460,drowsy,80.0
289,14.450,inf,drowsy,80.0
290,14.500,inf,drowsy,80.0
291,14.550,3.525,drowsy,80.0
292,14.600,3.536,drowsy,80.0
293,14.650,3.536,drowsy,80.0
294,14.700,3.375,drowsy,80.0
295,14.750,3.467,drowsy,80.0
296,14.800,3.449,drowsy,80.0
297,14.850,3.429,drowsy,80.0
298,14.900,3.408,drowsy,80.0
299,14.950,3.402,drowsy,80.0
300,15.000,3.362,drowsy,80.0
301,15.050,3.401,drowsy,80.0
302,15.100,3.453,drowsy,80.0
303,15.150,3.513,drowsy,80.0
304,15.200,3.568,drowsy,80.0
305,15.250,3.538,drowsy,80.0
306,15.300,3.563,drowsy,80.0
307,15.350,3.571,drowsy,80.0
308,15.400,3.567,drowsy,80.0
309,15.450,3.556,drowsy,80.0
310,15.500,3.470,alert,40.0
311,15.550,3.450,alert,40.0
312,15.600,3.427,alert,40.0
313,15.650,3.421,alert,40.0
314,15.700,3.441,alert,40.0
315,15.750,3.410,alert,40.0
316,15.800,3.465,alert,40.0
317,15.850,3.529,drowsy,80.0
318,15.900,3.600,drowsy,80.0
319,15.950,3.662,alert,40.0
320,16.000,3.646,alert,40.0
321,16.050,3.671,alert,40.0
322,16.100,1.267,alert,95.0
323,16.150,3.671,alert,40.0
324,16.200,3.654,alert,40.0
325,16.250,3.571,alert,40.0
326,16.300,3.473,distracted,60.0
327,16.350,3.517,distracted,60.0
328,16.400,3.490,distracted,60.0
329,16.450,3.479,distracted,60.0
330,16.500,3.423,distracted,60.0
331,16.550,3.465,drowsy,80.0
332,16.600,3.521,drowsy,80.0
333,16.650,3.589,drowsy,80.0
334,16.700,3.663,drowsy,80.0
335,16.750,3.640,distracted,60.0
336,16.800,3.685,drowsy,80.0
337,16.850,3.707,distracted,60.0
338,16.900,3.710,drowsy,80.0
339,16.950,3.698,drowsy,80.0
340,17.000,3.603,drowsy,80.0
341,17.050,3.577,drowsy,80.0
342,17.100,3.549,drowsy,80.0
343,17.150,3.539,drowsy,80.0
344,17.200,3.562,drowsy,80.0
345,17.250,3.514,drowsy,80.0
346,17.300,3.575,drowsy,95.0
347,17.350,3.646,drowsy,80.0
348,17.400,3.728,drowsy,80.0
349,17.450,3.813,drowsy,80.0
350,17.500,3.788,drowsy,80.0
351,17.550,3.835,drowsy,80.0
352,17.600,3.855,distracted,60.0
353,17.650,3.852,distracted,60.0
354,17.700,3.833,distracted,60.0
355,17.750,3.727,distracted,60.0
356,17.800,3.693,distracted,60.0
357,17.850,inf,distracted,60.0
358,17.900,3.616,distracted,60.0
359,17.950,3.575,distracted,60.0
360,18.000,3.445,distracted,60.0
361,18.050,3.405,drowsy,80.0
362,18.100,3.367,drowsy,80.0
363,18.150,3.350,drowsy,80.0
364,18.200,3.367,drowsy,80.0
365,18.250,3.300,drowsy,80.0
366,18.300,3.353,drowsy,80.0
367,18.350,3.400,drowsy,80.0
368,18.400,3.431,drowsy,80.0
369,18.450,3.442,drowsy,80.0
370,18.500,3.328,drowsy,80.0
371,18.550,3.310,drowsy,80.0
372,18.600,3.285,drowsy,80.0
373,18.650,inf,drowsy,80.0
374,18.700,inf,drowsy,80.0
375,18.750,inf,drowsy,80.0
376,18.800,3.047,drowsy,80.0
377,18.850,3.034,drowsy,80.0
378,18.900,inf,drowsy,80.0
379,18.950,inf,drowsy,80.0
380,19.000,inf,drowsy,80.0
381,19.050,inf,drowsy,80.0
382,19.100,inf,drowsy,80.0
383,19.150,inf,drowsy,80.0
384,19.200,inf,drowsy,80.0
385,19.250,inf,drowsy,80.0
386,19.300,2.930,drowsy,80.0
387,19.350,2.904,drowsy,80.0
388,19.400,inf,drowsy,80.0
389,19.450,inf,drowsy,80.0
390,19.500,2.694,drowsy,80.0
391,19.550,2.672,drowsy,80.0
392,19.600,inf,drowsy,80.0
393,19.650,inf,drowsy,80.0
394,19.700,inf,drowsy,80.0
395,19.750,inf,drowsy,80.0
396,19.800,inf,drowsy,80.0
397,19.850,inf,drowsy,80.0
398,19.900,inf,drowsy,80.0
399,19.950,inf,drowsy,80.0
400,20.000,inf,drowsy,80.0
401,20.050,inf,drowsy,80.0
402,20.100,inf,drowsy,80.0
403,20.150,inf,drowsy,80.0
404,20.200,inf,drowsy,80.0
405,20.250,inf,drowsy,80.0
406,20.300,inf,drowsy,80.0
407,20.350,inf,drowsy,80.0
408,20.400,4.558,drowsy,80.0
409,20.450,inf,drowsy,80.0
410,20.500,inf,drowsy,80.0
411,20.550,inf,drowsy,80.0
412,20.600,inf,drowsy,80.0
413,20.650,inf,drowsy,80.0
414,20.700,inf,drowsy,80.0
415,20.750,inf,drowsy,80.0
416,20.800,inf,drowsy,80.0
417,20.850,inf,drowsy,80.0
418,20.900,inf,drowsy,80.0
419,20.950,inf,drowsy,80.0
420,21.000,inf,drowsy,80.0
421,21.050,2.836,drowsy,80.0
422,21.100,3.322,drowsy,80.0
423,21.150,3.350,drowsy,80.0
424,21.200,3.458,drowsy,80.0
425,21.250,3.456,drowsy,80.0
426,21.300,3.358,drowsy,80.0
427,21.350,inf,drowsy,80.0
428,21.400,3.376,drowsy,80.0
429,21.450,inf,drowsy,80.0
430,21.500,inf,drowsy,80.0
431,21.550,inf,drowsy,80.0
432,21.600,inf,drowsy,80.0
433,21.650,inf,drowsy,80.0
434,21.700,inf,drowsy,80.0
435,21.750,inf,drowsy,80.0
436,21.800,inf,drowsy,80.0
437,21.850,inf,drowsy,80.0
438,21.900,3.129,drowsy,80.0
439,21.950,inf,drowsy,80.0
440,22.000,inf,drowsy,80.0
441,22.050,inf,drowsy,80.0
442,22.100,inf,drowsy,80.0
443,22.150,inf,drowsy,80.0
444,22.200,inf,drowsy,80.0
445,22.250,3.297,drowsy,80.0
446,22.300,3.302,drowsy,80.0
447,22.350,3.307,drowsy,80.0
448,22.400,3.316,drowsy,80.0
449,22.450,3.331,drowsy,80.0
450,22.500,3.309,drowsy,80.0
451,22.550,3.336,drowsy,80.0
452,22.600,3.365,drowsy,80.0
453,22.650,3.406,drowsy,80.0
454,22.700,inf,drowsy,80.0
455,22.750,3.426,drowsy,80.0
456,22.800,3.459,drowsy,80.0
457,22.850,3.487,drowsy,80.0
458,22.900,3.515,alert,40.0
459,22.950,3.540,alert,40.0
460,23.000,3.504,alert,40.0
461,23.050,3.524,drowsy,95.0
462,23.100,3.542,drowsy,95.0
463,23.150,3.573,drowsy,95.0
464,23.200,3.699,drowsy,95.0
465,23.250,3.572,drowsy,95.0
466,23.300,3.626,distracted,95.0
467,23.350,3.698,drowsy,95.0
468,23.400,3.810,drowsy,95.0
469,23.450,3.935,drowsy,95.0
470,23.500,3.726,drowsy,95.0
471,23.550,3.771,alert,95.0
472,23.600,0.397,alert,95.0
473,23.650,0.402,alert,95.0
474,23.700,0.418,alert,95.0
475,23.750,0.299,alert,95.0
476,23.800,0.313,alert,95.0
477,23.850,0.349,alert,95.0
478,23.900,0.459,alert,95.0
479,23.950,0.639,drowsy,95.0
480,24.000,0.628,drowsy,95.0
481,24.050,1.170,drowsy,95.0
482,24.100,inf,drowsy,80.0
483,24.150,inf,drowsy,80.0
484,24.200,inf,drowsy,80.0
485,24.250,inf,drowsy,80.0
486,24.300,inf,drowsy,80.0
487,24.350,inf,drowsy,80.0
488,24.400,inf,drowsy,80.0
489,24.450,inf,drowsy,80.0
490,24.500,inf,drowsy,80.0
491,24.550,inf,drowsy,80.0
492,24.600,inf,drowsy,80.0
493,24.650,inf,drowsy,80.0
494,24.700,inf,drowsy,80.0
495,24.750,inf,drowsy,80.0
496,24.800,inf,drowsy,80.0
497,24.850,inf,drowsy,80.0
498,24.900,inf,drowsy,80.0
499,24.950,inf,drowsy,80.0
500,25.000,inf,drowsy,80.0
501,25.050,inf,drowsy,80.0
502,25.100,inf,drowsy,80.0
503,25.150,inf,drowsy,80.0
504,25.200,inf,drowsy,80.0
505,25.250,inf,drowsy,80.0
506,25.300,inf,drowsy,80.0
507,25.350,inf,drowsy,80.0
508,25.400,inf,drowsy,80.0
509,25.450,inf,drowsy,80.0
510,25.500,inf,drowsy,80.0
511,25.550,inf,drowsy,80.0
512,25.600,inf,drowsy,80.0
513,25.650,inf,drowsy,80.0
514,25.700,inf,drowsy,80.0
515,25.750,inf,drowsy,80.0
516,25.800,inf,drowsy,80.0
517,25.850,inf,drowsy,80.0
518,25.900,inf,drowsy,80.0
519,25.950,inf,drowsy,80.0
520,26.000,inf,drowsy,80.0
521,26.050,inf,drowsy,80.0
522,26.100,inf,drowsy,80.0
523,26.150,inf,drowsy,80.0
524,26.200,inf,drowsy,80.0
525,26.250,inf,drowsy,80.0
526,26.300,inf,drowsy,80.0
527,26.350,inf,drowsy,80.0
528,26.400,inf,drowsy,80.0
529,26.450,inf,drowsy,80.0
530,26.500,inf,drowsy,80.0
531,26.550,inf,drowsy,80.0
532,26.600,inf,drowsy,80.0
533,26.650,inf,drowsy,80.0
534,26.700,inf,drowsy,80.0
535,26.750,inf,drowsy,80.0
536,26.800,inf,drowsy,80.0
537,26.850,inf,drowsy,80.0
538,26.900,inf,alert,10.0
539,26.950,inf,alert,10.0
540,27.000,inf,alert,10.0
541,27.050,inf,distracted,60.0
542,27.100,inf,distracted,60.0
543,27.150,inf,distracted,60.0
544,27.200,inf,distracted,60.0
545,27.250,inf,distracted,60.0
546,27.300,inf,distracted,60.0
547,27.350,inf,distracted,60.0
548,27.400,inf,distracted,60.0
549,27.450,inf,distracted,60.0
550,27.500,inf,distracted,60.0
551,27.550,inf,distracted,60.0
552,27.600,inf,distracted,60.0
553,27.650,8.775,distracted,60.0
554,27.700,5.831,distracted,60.0
555,27.750,5.679,distracted,60.0
556,27.800,4.565,distracted,60.0
557,27.850,3.779,drowsy,80.0
558,27.900,3.153,drowsy,80.0
559,27.950,2.784,drowsy,80.0
560,28.000,2.890,distracted,60.0
561,28.050,2.592,drowsy,80.0
562,28.100,2.341,drowsy,80.0
563,28.150,2.134,drowsy,80.0
564,28.200,1.965,drowsy,80.0
565,28.250,1.998,drowsy,80.0
566,28.300,1.868,drowsy,80.0
567,28.350,1.758,drowsy,80.0
568,28.400,1.660,drowsy,80.0
569,28.450,1.574,drowsy,80.0
570,28.500,1.584,drowsy,80.0
571,28.550,1.570,drowsy,80.0
572,28.600,1.536,drowsy,80.0
573,28.650,1.494,drowsy,95.0
574,28.700,1.441,drowsy,95.0
575,28.750,1.407,drowsy,95.0
576,28.800,1.362,drowsy,95.0
577,28.850,1.347,drowsy,95.0
578,28.900,1.353,drowsy,95.0
579,28.950,1.372,drowsy,95.0
580,29.000,1.387,drowsy,95.0
581,29.050,1.410,drowsy,95.0
582,29.100,1.433,drowsy,95.0
583,29.150,1.457,drowsy,95.0
584,29.200,1.473,drowsy,95.0
585,29.250,1.494,drowsy,95.0
586,29.300,1.488,drowsy,95.0
587,29.350,1.474,drowsy,95.0
588,29.400,1.452,drowsy,95.0
589,29.450,1.434,drowsy,95.0
590,29.500,1.429,drowsy,95.0
591,29.550,1.426,drowsy,95.0
592,29.600,1.429,drowsy,95.0
593,29.650,1.440,drowsy,95.0
594,29.700,1.453,drowsy,95.0
595,29.750,1.472,drowsy,95.0
596,29.800,1.482,drowsy,95.0
597,29.850,1.490,drowsy,95.0
598,29.900,1.489,drowsy,95.0
599,29.950,1.484,drowsy,95.0
600,30.000,1.484,drowsy,95.0
601,30.050,1.474,drowsy,95.0
602,30.100,1.465,drowsy,95.0
603,30.150,1.462,drowsy,95.0
604,30.200,1.460,drowsy,95.0
605,30.250,1.470,drowsy,95.0
606,30.300,1.476,drowsy,95.0
607,30.350,1.484,drowsy,95.0
608,30.400,1.489,drowsy,95.0
609,30.450,1.494,drowsy,95.0
610,30.500,1.504,drowsy,80.0
611,30.550,1.504,drowsy,80.0
612,30.600,1.503,drowsy,80.0
613,30.650,1.502,drowsy,80.0
614,30.700,1.505,distracted,70.0
615,30.750,1.521,distracted,70.0
616,30.800,1.515,drowsy,80.0
617,30.850,1.499,drowsy,95.0
618,30.900,1.473,drowsy,95.0
619,30.950,1.486,drowsy,95.0
620,31.000,1.345,drowsy,95.0
621,31.050,1.310,drowsy,95.0
622,31.100,1.268,drowsy,95.0
623,31.150,1.224,drowsy,95.0
624,31.200,inf,drowsy,80.0
625,31.250,inf,drowsy,80.0
626,31.300,inf,drowsy,80.0
627,31.350,inf,distracted,60.0
628,31.400,inf,distracted,60.0
629,31.450,inf,distracted,60.0
630,31.500,inf,distracted,60.0
631,31.550,inf,distracted,60.0
632,31.600,inf,distracted,60.0
633,31.650,inf,drowsy,80.0
634,31.700,inf,drowsy,80.0
635,31.750,inf,drowsy,95.0
636,31.800,inf,drowsy,80.0
637,31.850,inf,drowsy,80.0
638,31.900,inf,drowsy,80.0
639,31.950,inf,drowsy,95.0
640,32.000,inf,alert,95.0
641,32.050,inf,alert,10.0
642,32.100,inf,alert,10.0
643,32.150,inf,alert,10.0
644,32.200,inf,alert,10.0
645,32.250,inf,alert,10.0
646,32.300,inf,alert,10.0
647,32.350,inf,alert,40.0
648,32.400,inf,alert,70.0
649,32.450,inf,alert,70.0
650,32.500,inf,alert,40.0
651,32.550,inf,alert,40.0
652,32.600,inf,alert,40.0
653,32.650,inf,alert,70.0
654,32.700,inf,alert,40.0
655,32.750,inf,alert,40.0
656,32.800,inf,alert,40.0
657,32.850,inf,alert,40.0
658,32.900,inf,alert,40.0
659,32.950,inf,alert,40.0
660,33.000,inf,alert,40.0
661,33.050,inf,alert,40.0
662,33.100,inf,alert,40.0
663,33.150,2.458,alert,70.0
664,33.200,3.502,alert,40.0
665,33.250,3.108,alert,40.0
666,33.300,3.116,alert,40.0
667,33.350,3.560,alert,40.0
668,33.400,3.079,alert,40.0
669,33.450,3.422,distracted,60.0
670,33.500,3.029,distracted,60.0
671,33.550,3.039,distracted,60.0
672,33.600,3.049,distracted,60.0
673,33.650,3.085,alert,40.0
674,33.700,3.061,alert,40.0
675,33.750,2.982,alert,40.0
676,33.800,2.980,alert,40.0
677,33.850,2.979,alert,40.0
678,33.900,2.973,alert,40.0
679,33.950,2.970,alert,40.0
680,34.000,2.872,drowsy,80.0
681,34.050,2.870,drowsy,80.0
682,34.100,2.868,drowsy,80.0
683,34.150,2.869,drowsy,80.0
684,34.200,2.870,alert,40.0
685,34.250,2.775,alert,40.0
686,34.300,2.776,alert,40.0
687,34.350,2.779,distracted,60.0
688,34.400,2.780,distracted,60.0
689,34.450,2.781,distracted,60.0
690,34.500,2.677,distracted,60.0
691,34.550,2.677,alert,40.0
692,34.600,2.676,distracted,60.0
693,34.650,2.681,distracted,60.0
694,34.700,2.691,distracted,60.0
695,34.750,2.599,distracted,60.0
696,34.800,2.621,distracted,60.0
697,34.850,2.648,distracted,60.0
698,34.900,2.675,distracted,60.0
699,34.950,2.704,drowsy,80.0
700,35.000,2.619,drowsy,80.0
701,35.050,2.644,drowsy,80.0
702,35.100,2.661,alert,40.0
703,35.150,2.679,alert,40.0
704,35.200,2.692,alert,40.0
705,35.250,2.598,alert,40.0
706,35.300,2.609,alert,40.0
707,35.350,2.625,alert,40.0
708,35.400,2.639,alert,40.0
709,35.450,2.659,alert,40.0
710,35.500,2.572,alert,40.0
711,35.550,2.594,alert,40.0
712,35.600,2.614,alert,40.0
713,35.650,2.636,alert,40.0
714,35.700,2.656,alert,40.0
715,35.750,2.606,alert,40.0
716,35.800,2.623,alert,40.0
717,35.850,2.641,alert,40.0
718,35.900,2.657,alert,40.0
719,35.950,2.674,alert,40.0
720,36.000,2.649,alert,40.0
721,36.050,2.668,alert,40.0
722,36.100,2.684,alert,40.0
723,36.150,2.705,alert,40.0
724,36.200,2.724,alert,40.0
725,36.250,2.734,alert,40.0
726,36.300,2.754,alert,40.0
727,36.350,2.775,alert,70.0
728,36.400,2.794,alert,70.0
729,36.450,2.815,alert,40.0
730,36.500,2.888,alert,40.0
731,36.550,2.908,alert,40.0
732,36.600,2.926,alert,40.0
733,36.650,2.031,alert,70.0
734,36.700,2.965,alert,40.0
735,36.750,3.082,alert,40.0
736,36.800,3.101,alert,40.0
737,36.850,3.126,alert,40.0
738,36.900,3.147,alert,40.0
739,36.950,3.171,alert,40.0
740,37.000,3.288,alert,40.0
741,37.050,3.315,alert,40.0
742,37.100,3.337,alert,40.0
743,37.150,3.363,alert,40.0
744,37.200,3.383,alert,40.0
745,37.250,3.515,alert,40.0
746,37.300,3.536,alert,40.0
747,37.350,3.563,alert,40.0
748,37.400,3.586,alert,40.0
749,37.450,3.612,alert,40.0
750,37.500,3.761,alert,40.0
751,37.550,3.788,alert,40.0
752,37.600,3.812,alert,40.0
753,37.650,3.843,alert,40.0
754,37.700,3.866,alert,40.0
755,37.750,4.034,alert,10.0
756,37.800,4.060,alert,10.0
757,37.850,4.091,alert,10.0
758,37.900,4.116,alert,10.0
759,37.950,4.147,alert,10.0
760,38.000,4.314,alert,10.0
761,38.050,4.241,alert,10.0
762,38.100,4.288,alert,10.0
763,38.150,4.314,alert,95.0
764,38.200,4.651,alert,10.0
765,38.250,5.487,alert,10.0
766,38.300,5.428,alert,10.0
767,38.350,5.328,alert,10.0
768,38.400,5.145,alert,10.0
769,38.450,4.916,alert,10.0
770,38.500,4.885,alert,10.0
771,38.550,4.729,alert,10.0
772,38.600,4.718,alert,10.0
773,38.650,4.813,alert,10.0
774,38.700,4.942,alert,10.0
775,38.750,5.234,alert,10.0
776,38.800,5.340,alert,10.0
777,38.850,5.426,alert,10.0
778,38.900,5.484,alert,10.0
779,38.950,5.515,alert,10.0
780,39.000,5.726,distracted,60.0
781,39.050,5.733,distracted,60.0
782,39.100,5.755,distracted,60.0
783,39.150,5.795,distracted,60.0
784,39.200,5.859,distracted,60.0
785,39.250,6.138,distracted,60.0
786,39.300,6.199,distracted,60.0
787,39.350,6.240,distracted,60.0
788,39.400,6.265,drowsy,80.0
789,39.450,6.223,drowsy,80.0
790,39.500,6.296,drowsy,80.0
791,39.550,6.050,drowsy,80.0
792,39.600,5.770,drowsy,80.0
793,39.650,5.493,drowsy,80.0
794,39.700,5.227,drowsy,80.0
795,39.750,5.213,distracted,60.0
796,39.800,5.175,distracted,60.0
797,39.850,5.070,drowsy,80.0
798,39.900,4.930,drowsy,80.0
799,39.950,4.759,drowsy,80.0
800,40.000,4.475,drowsy,80.0
801,40.050,4.301,drowsy,80.0
802,40.100,4.135,drowsy,80.0
803,40.150,3.973,drowsy,80.0
804,40.200,3.823,drowsy,80.0
805,40.250,3.449,drowsy,80.0
806,40.300,3.327,drowsy,80.0
807,40.350,3.209,drowsy,80.0
808,40.400,3.107,drowsy,80.0
809,40.450,3.035,drowsy,80.0
810,40.500,2.767,drowsy,80.0
811,40.550,2.773,drowsy,80.0
812,40.600,2.798,drowsy,80.0
813,40.650,2.831,drowsy,80.0
814,40.700,2.872,drowsy,80.0
815,40.750,2.654,drowsy,80.0
816,40.800,2.688,drowsy,80.0
817,40.850,2.708,drowsy,80.0
818,40.900,2.715,drowsy,80.0
819,40.950,2.707,drowsy,80.0
820,41.000,2.440,drowsy,80.0
821,41.050,2.417,drowsy,80.0
822,41.100,2.398,drowsy,80.0
823,41.150,2.382,drowsy,80.0
824,41.200,2.375,drowsy,80.0
825,41.250,2.124,drowsy,80.0
826,41.300,2.130,drowsy,80.0
827,41.350,2.138,drowsy,80.0
828,41.400,2.149,alert,70.0
829,41.450,2.158,alert,70.0
830,41.500,1.912,alert,70.0
831,41.550,1.915,alert,70.0
832,41.600,1.914,alert,70.0
833,41.650,1.911,alert,70.0
834,41.700,1.906,alert,70.0
835,41.750,1.652,alert,70.0
836,41.800,1.650,drowsy,80.0
837,41.850,1.647,drowsy,80.0
838,41.900,1.645,alert,70.0
839,41.950,1.903,alert,70.0
840,42.000,2.306,alert,95.0
841,42.050,2.307,alert,95.0
842,42.100,1.773,alert,95.0
843,42.150,1.724,alert,95.0
844,42.200,1.703,distracted,95.0
845,42.250,2.067,distracted,95.0
846,42.300,2.065,distracted,95.0
847,42.350,1.543,distracted,95.0
848,42.400,1.546,distracted,95.0
849,42.450,1.438,distracted,95.0
850,42.500,1.811,drowsy,95.0
851,42.550,1.349,drowsy,95.0
852,42.600,1.306,drowsy,95.0
853,42.650,1.220,distracted,95.0
854,42.700,1.224,distracted,95.0
855,42.750,1.562,distracted,95.0
856,42.800,1.561,drowsy,95.0
857,42.850,1.088,drowsy,95.0
858,42.900,1.061,drowsy,95.0
859,42.950,5.296,drowsy,95.0
860,43.000,5.546,drowsy,95.0
861,43.050,1.660,drowsy,95.0
862,43.100,1.595,drowsy,95.0
863,43.150,1.552,drowsy,95.0
864,43.200,5.542,drowsy,95.0
865,43.250,1.490,drowsy,95.0
866,43.300,1.410,drowsy,95.0
867,43.350,1.350,drowsy,95.0
868,43.400,1.279,drowsy,95.0
869,43.450,1.244,drowsy,95.0
870,43.500,1.238,distracted,95.0
871,43.550,1.160,distracted,95.0
872,43.600,6.043,distracted,95.0
873,43.650,6.041,distracted,95.0
874,43.700,6.039,distracted,95.0
875,43.750,6.260,distracted,95.0
876,43.800,6.194,distracted,95.0
877,43.850,6.088,distracted,95.0
878,43.900,5.961,distracted,95.0
879,43.950,5.818,drowsy,95.0
880,44.000,5.884,drowsy,95.0
881,44.050,5.725,drowsy,95.0
882,44.100,5.574,drowsy,95.0
883,44.150,5.424,drowsy,95.0
884,44.200,5.281,drowsy,95.0
885,44.250,5.298,drowsy,95.0
886,44.300,5.158,drowsy,95.0
887,44.350,5.025,drowsy,95.0
888,44.400,4.905,drowsy,95.0
889,44.450,4.793,drowsy,95.0
890,44.500,4.799,drowsy,95.0
891,44.550,4.699,drowsy,95.0
892,44.600,4.606,drowsy,80.0
893,44.650,4.519,drowsy,80.0
894,44.700,4.433,drowsy,80.0
895,44.750,4.428,drowsy,80.0
896,44.800,4.350,drowsy,80.0
897,44.850,4.275,drowsy,80.0
898,44.900,4.204,drowsy,80.0
899,44.950,4.135,drowsy,80.0
900,45.000,4.117,drowsy,80.0
901,45.050,4.052,drowsy,80.0
902,45.100,3.990,drowsy,80.0
903,45.150,3.930,drowsy,80.0
904,45.200,3.871,drowsy,80.0
905,45.250,3.842,drowsy,80.0
906,45.300,3.787,drowsy,80.0
907,45.350,3.733,drowsy,80.0
908,45.400,3.682,drowsy,80.0
909,45.450,3.635,drowsy,95.0
910,45.500,3.600,drowsy,80.0
911,45.550,3.572,drowsy,80.0
912,45.600,3.558,drowsy,80.0
913,45.650,3.556,drowsy,80.0
914,45.700,3.564,drowsy,80.0
915,45.750,3.565,drowsy,80.0
916,45.800,3.580,drowsy,80.0
917,45.850,3.595,drowsy,80.0
918,45.900,3.607,drowsy,80.0
919,45.950,3.615,drowsy,80.0
920,46.000,3.598,drowsy,80.0
921,46.050,3.598,drowsy,80.0
922,46.100,3.596,drowsy,80.0
923,46.150,3.592,drowsy,80.0
924,46.200,3.586,drowsy,80.0
925,46.250,3.556,drowsy,80.0
926,46.300,3.552,drowsy,80.0
927,46.350,3.551,drowsy,80.0
928,46.400,3.549,drowsy,80.0
929,46.450,3.550,drowsy,80.0
930,46.500,3.517,drowsy,80.0
931,46.550,3.518,drowsy,80.0
932,46.600,3.520,drowsy,80.0
933,46.650,3.521,drowsy,80.0
934,46.700,3.522,drowsy,80.0
935,46.750,3.482,drowsy,80.0
936,46.800,3.482,drowsy,80.0
937,46.850,3.482,drowsy,80.0
938,46.900,3.482,drowsy,80.0
939,46.950,3.481,drowsy,80.0
940,47.000,3.427,drowsy,80.0
941,47.050,3.425,drowsy,80.0
942,47.100,3.425,drowsy,80.0
943,47.150,3.424,drowsy,80.0
944,47.200,3.427,drowsy,80.0
945,47.250,3.357,drowsy,80.0
946,47.300,3.357,drowsy,80.0
947,47.350,3.357,drowsy,80.0
948,47.400,3.357,drowsy,80.0
949,47.450,3.356,drowsy,80.0
950,47.500,3.291,drowsy,80.0
951,47.550,3.291,drowsy,80.0
952,47.600,3.291,drowsy,80.0
953,47.650,3.291,drowsy,80.0
954,47.700,3.291,drowsy,80.0
955,47.750,3.221,drowsy,80.0
956,47.800,3.221,drowsy,80.0
957,47.850,3.221,drowsy,80.0
958,47.900,3.221,drowsy,80.0
959,47.950,3.221,drowsy,80.0
960,48.000,3.133,drowsy,80.0
961,48.050,3.089,drowsy,95.0
962,48.100,3.089,drowsy,80.0
963,48.150,3.133,drowsy,80.0
964,48.200,3.089,drowsy,80.0
965,48.250,3.019,drowsy,80.0
966,48.300,3.019,drowsy,80.0
967,48.350,3.019,drowsy,80.0
968,48.400,3.019,drowsy,80.0
969,48.450,3.019,drowsy,80.0
970,48.500,2.883,drowsy,80.0
971,48.550,2.883,drowsy,80.0
972,48.600,2.883,drowsy,80.0
973,48.650,2.883,drowsy,80.0
974,48.700,2.883,drowsy,80.0
975,48.750,2.698,drowsy,80.0
976,48.800,2.698,alert,40.0
977,48.850,2.698,alert,40.0
978,48.900,2.698,alert,40.0
979,48.950,2.699,drowsy,80.0
980,49.000,2.459,drowsy,80.0
981,49.050,2.465,drowsy,80.0
982,49.100,2.476,drowsy,80.0
983,49.150,2.492,drowsy,80.0
984,49.200,2.510,distracted,60.0
985,49.250,2.299,drowsy,80.0
986,49.300,2.320,drowsy,80.0
987,49.350,2.341,drowsy,80.0
988,49.400,2.361,drowsy,80.0
989,49.450,2.380,alert,70.0
990,49.500,2.178,alert,70.0
991,49.550,2.194,alert,70.0
992,49.600,2.209,alert,70.0
993,49.650,2.223,alert,70.0
994,49.700,2.236,alert,70.0
995,49.750,2.010,alert,70.0
996,49.800,2.022,alert,70.0
997,49.850,2.036,drowsy,80.0
998,49.900,2.051,drowsy,80.0
999,49.950,2.079,drowsy,80.0
1000,50.000,1.889,drowsy,80.0
1001,50.050,1.933,drowsy,80.0
1002,50.100,1.982,drowsy,80.0
1003,50.150,2.033,drowsy,80.0
1004,50.200,2.072,drowsy,80.0
1005,50.250,1.878,drowsy,80.0
1006,50.300,1.882,drowsy,80.0
1007,50.350,1.873,drowsy,80.0
1008,50.400,1.855,drowsy,95.0
1009,50.450,1.833,drowsy,80.0
1010,50.500,1.601,drowsy,80.0
1011,50.550,1.592,drowsy,80.0
1012,50.600,1.603,drowsy,80.0
1013,50.650,1.626,drowsy,80.0
1014,50.700,1.524,drowsy,80.0
1015,50.750,1.483,drowsy,95.0
1016,50.800,1.521,drowsy,80.0
1017,50.850,1.563,drowsy,80.0
1018,50.900,1.585,drowsy,95.0
1019,50.950,1.654,drowsy,80.0
1020,51.000,1.514,drowsy,80.0
1021,51.050,1.560,drowsy,80.0
1022,51.100,1.607,drowsy,80.0
1023,51.150,1.658,drowsy,95.0
1024,51.200,1.696,drowsy,80.0
1025,51.250,1.592,drowsy,80.0
1026,51.300,1.643,drowsy,80.0
1027,51.350,1.699,drowsy,80.0
1028,51.400,1.755,drowsy,80.0
1029,51.450,1.816,drowsy,95.0
1030,51.500,1.716,drowsy,80.0
1031,51.550,1.777,drowsy,80.0
1032,51.600,1.839,drowsy,80.0
1033,51.650,1.908,drowsy,80.0
1034,51.700,1.977,drowsy,80.0
1035,51.750,1.910,drowsy,80.0
1036,51.800,1.980,drowsy,80.0
1037,51.850,2.236,drowsy,80.0
1038,51.900,2.969,drowsy,80.0
1039,51.950,4.422,drowsy,80.0
1040,52.000,8.449,drowsy,80.0
1041,52.050,16.231,drowsy,80.0
1042,52.100,11.606,drowsy,80.0
1043,52.150,9.406,drowsy,80.0
1044,52.200,7.548,drowsy,80.0
1045,52.250,6.672,drowsy,80.0
1046,52.300,5.823,drowsy,80.0
1047,52.350,5.109,drowsy,80.0
1048,52.400,4.554,drowsy,80.0
1049,52.450,4.093,drowsy,80.0
1050,52.500,3.759,drowsy,80.0
1051,52.550,3.536,drowsy,80.0
1052,52.600,3.501,alert,40.0
1053,52.650,3.575,alert,40.0
1054,52.700,3.700,alert,40.0
1055,52.750,3.748,alert,40.0
1056,52.800,3.822,alert,40.0
1057,52.850,3.855,alert,40.0
1058,52.900,3.838,alert,40.0
1059,52.950,3.781,distracted,60.0
1060,53.000,3.484,distracted,70.0
1061,53.050,3.464,distracted,60.0
1062,53.100,3.487,distracted,60.0
1063,53.150,3.526,distracted,60.0
1064,53.200,3.565,distracted,60.0
1065,53.250,3.319,distracted,60.0
1066,53.300,3.305,distracted,60.0
1067,53.350,3.271,distracted,60.0
1068,53.400,3.249,distracted,60.0
1069,53.450,3.244,distracted,60.0
1070,53.500,3.010,distracted,60.0
1071,53.550,3.030,distracted,60.0
1072,53.600,3.049,distracted,60.0
1073,53.650,3.046,distracted,60.0
1074,53.700,3.034,distracted,60.0
1075,53.750,2.767,drowsy,80.0
1076,53.800,2.760,drowsy,80.0
1077,53.850,2.763,drowsy,80.0
1078,53.900,2.772,distracted,70.0
1079,53.950,2.784,drowsy,80.0
1080,54.000,2.537,drowsy,95.0
1081,54.050,2.535,drowsy,95.0
1082,54.100,2.527,drowsy,95.0
1083,54.150,2.520,drowsy,95.0
1084,54.200,2.519,drowsy,95.0
1085,54.250,2.270,drowsy,95.0
1086,54.300,2.276,drowsy,95.0
1087,54.350,2.280,drowsy,95.0
1088,54.400,2.280,drowsy,80.0
1089,54.450,2.278,drowsy,80.0
1090,54.500,2.024,drowsy,80.0
1091,54.550,2.022,drowsy,80.0
1092,54.600,2.022,drowsy,80.0
1093,54.650,2.024,drowsy,80.0
1094,54.700,2.028,drowsy,80.0
1095,54.750,1.777,drowsy,80.0
1096,54.800,1.777,drowsy,80.0
1097,54.850,1.776,drowsy,80.0
1098,54.900,1.775,drowsy,80.0
1099,54.950,1.773,drowsy,80.0
1100,55.000,1.524,drowsy,80.0
1101,55.050,1.525,drowsy,80.0
1102,55.100,1.527,drowsy,80.0
1103,55.150,1.526,drowsy,80.0
1104,55.200,1.526,drowsy,80.0
1105,55.250,1.274,drowsy,95.0
1106,55.300,1.274,drowsy,95.0
1107,55.350,1.282,drowsy,95.0
1108,55.400,1.316,drowsy,95.0
1109,55.450,1.379,drowsy,95.0
1110,55.500,1.197,drowsy,95.0
1111,55.550,1.292,drowsy,95.0
1112,55.600,1.406,drowsy,95.0
1113,55.650,1.549,drowsy,80.0
1114,55.700,2.426,drowsy,80.0
1115,55.750,inf,drowsy,80.0
1116,55.800,inf,drowsy,80.0
1117,55.850,inf,drowsy,80.0
1118,55.900,inf,drowsy,80.0
1119,55.950,inf,drowsy,80.0
1120,56.000,inf,drowsy,80.0
1121,56.050,inf,drowsy,80.0
1122,56.100,inf,drowsy,80.0
1123,56.150,inf,drowsy,80.0
1124,56.200,inf,drowsy,80.0
1125,56.250,inf,drowsy,80.0
1126,56.300,inf,drowsy,80.0
1127,56.350,inf,drowsy,80.0
1128,56.400,inf,drowsy,80.0
1129,56.450,inf,drowsy,80.0
1130,56.500,inf,drowsy,80.0
1131,56.550,inf,drowsy,80.0
1132,56.600,inf,distracted,60.0
1133,56.650,inf,distracted,60.0
1134,56.700,inf,distracted,60.0
1135,56.750,inf,drowsy,80.0
1136,56.800,inf,drowsy,80.0
1137,56.850,inf,drowsy,80.0
1138,56.900,inf,drowsy,80.0
1139,56.950,inf,drowsy,80.0
1140,57.000,inf,drowsy,80.0
1141,57.050,inf,drowsy,80.0
1142,57.100,inf,drowsy,80.0
1143,57.150,inf,drowsy,80.0
1144,57.200,inf,distracted,60.0
1145,57.250,inf,distracted,60.0
1146,57.300,inf,distracted,60.0
1147,57.350,inf,distracted,60.0
1148,57.400,inf,distracted,60.0
1149,57.450,inf,distracted,60.0
1150,57.500,inf,distracted,60.0
1151,57.550,inf,drowsy,80.0
1152,57.600,inf,drowsy,80.0
1153,57.650,inf,drowsy,80.0
1154,57.700,inf,drowsy,80.0
1155,57.750,inf,drowsy,80.0
1156,57.800,inf,drowsy,80.0
1157,57.850,inf,drowsy,80.0
1158,57.900,inf,alert,10.0
1159,57.950,inf,alert,10.0
1160,58.000,inf,alert,10.0
1161,58.050,inf,alert,10.0
1162,58.100,inf,alert,10.0
1163,58.150,inf,alert,10.0
1164,58.200,inf,alert,10.0
1165,58.250,inf,alert,10.0
1166,58.300,inf,alert,10.0
1167,58.350,inf,alert,10.0
1168,58.400,inf,alert,10.0
1169,58.450,inf,alert,10.0
1170,58.500,inf,alert,10.0
1171,58.550,inf,alert,10.0
1172,58.600,inf,alert,10.0
1173,58.650,inf,alert,10.0
1174,58.700,inf,alert,10.0
1175,58.750,inf,alert,10.0
1176,58.800,inf,alert,10.0
1177,58.850,inf,alert,10.0
1178,58.900,inf,alert,10.0
1179,58.950,inf,alert,10.0
1180,59.000,inf,alert,10.0
1181,59.050,inf,alert,10.0
1182,59.100,inf,alert,10.0
1183,59.150,inf,alert,10.0
1184,59.200,inf,alert,10.0
1185,59.250,inf,alert,10.0
1186,59.300,inf,alert,10.0
1187,59.350,inf,distracted,60.0
1188,59.400,inf,distracted,60.0
1189,59.450,inf,distracted,60.0
1190,59.500,inf,distracted,60.0
1191,59.550,inf,alert,10.0
1192,59.600,inf,alert,10.0
1193,59.650,inf,alert,10.0
1194,59.700,inf,alert,10.0
1195,59.750,inf,alert,10.0
1196,59.800,inf,alert,10.0
1197,59.850,inf,alert,10.0
1198,59.900,inf,drowsy,80.0
1199,59.950,inf,drowsy,80.0
1200,60.000,inf,drowsy,80.0
1201,60.050,inf,drowsy,80.0
1202,60.100,inf,alert,10.0
1203,60.150,inf,alert,10.0
1204,60.200,inf,alert,10.0
1205,60.250,inf,distracted,60.0
1206,60.300,inf,distracted,60.0
1207,60.350,inf,distracted,60.0
1208,60.400,inf,distracted,60.0
1209,60.450,inf,alert,0.0
1210,60.500,inf,alert,0.0
1211,60.550,inf,distracted,60.0
1212,60.600,inf,distracted,60.0
1213,60.650,inf,distracted,60.0
1214,60.700,inf,drowsy,80.0
1215,60.750,inf,distracted,60.0
1216,60.800,inf,distracted,60.0
1217,60.850,inf,drowsy,80.0
1218,60.900,inf,drowsy,80.0
1219,60.950,inf,alert,10.0
1220,61.000,inf,alert,10.0
1221,61.050,inf,alert,10.0
1222,61.100,inf,alert,10.0
1223,61.150,inf,alert,10.0
1224,61.200,inf,alert,10.0
1225,61.250,inf,alert,10.0
1226,61.300,inf,alert,10.0
1227,61.350,inf,alert,10.0
1228,61.400,inf,alert,10.0
1229,61.450,inf,alert,10.0
1230,61.500,inf,alert,10.0
1231,61.550,inf,alert,10.0
1232,61.600,inf,alert,10.0
1233,61.650,inf,alert,10.0
1234,61.700,inf,alert,10.0
1235,61.750,inf,alert,10.0
1236,61.800,inf,alert,10.0
1237,61.850,inf,alert,10.0
1238,61.900,inf,alert,10.0
1239,61.950,inf,alert,10.0
1240,62.000,inf,alert,10.0
1241,62.050,inf,alert,10.0
1242,62.100,inf,alert,10.0
1243,62.150,inf,alert,10.0
1244,62.200,inf,alert,10.0
1245,62.250,inf,alert,10.0
1246,62.300,inf,alert,10.0
1247,62.350,inf,alert,10.0
1248,62.400,inf,alert,10.0
1249,62.450,inf,alert,10.0
1250,62.500,inf,alert,10.0
1251,62.550,inf,alert,10.0
1252,62.600,inf,alert,10.0
1253,62.650,inf,alert,10.0
1254,62.700,inf,alert,10.0
1255,62.750,inf,alert,10.0
1256,62.800,inf,alert,10.0
1257,62.850,inf,alert,10.0
1258,62.900,inf,alert,10.0
1259,62.950,inf,alert,10.0
1260,63.000,inf,alert,10.0
1261,63.050,inf,alert,10.0
1262,63.100,inf,alert,10.0
1263,63.150,inf,alert,10.0
1264,63.200,inf,alert,10.0
1265,63.250,inf,alert,10.0
1266,63.300,inf,alert,10.0
1267,63.350,inf,alert,10.0
1268,63.400,inf,alert,10.0
1269,63.450,inf,alert,10.0
1270,63.500,inf,alert,10.0
1271,63.550,inf,alert,10.0
1272,63.600,inf,alert,10.0
1273,63.650,inf,alert,10.0
1274,63.700,inf,alert,10.0
1275,63.750,inf,alert,10.0
1276,63.800,inf,alert,10.0
1277,63.850,inf,alert,10.0
1278,63.900,inf,alert,10.0
1279,63.950,inf,alert,10.0
1280,64.000,inf,alert,10.0
1281,64.050,inf,alert,10.0
1282,64.100,inf,alert,10.0
1283,64.150,inf,alert,10.0
1284,64.200,inf,alert,10.0
1285,64.250,inf,alert,10.0
1286,64.300,inf,alert,10.0
1287,64.350,inf,alert,10.0
1288,64.400,inf,alert,10.0
1289,64.450,inf,alert,10.0
1290,64.500,inf,alert,10.0
1291,64.550,inf,alert,10.0
1292,64.600,inf,alert,10.0
1293,64.650,inf,alert,10.0
1294,64.700,inf,alert,10.0
1295,64.750,inf,alert,10.0
1296,64.800,inf,alert,10.0
1297,64.850,inf,alert,10.0
1298,64.900,inf,drowsy,80.0
1299,64.950,inf,distracted,60.0
1300,65.000,inf,distracted,60.0
1301,65.050,inf,distracted,60.0
1302,65.100,inf,distracted,60.0
1303,65.150,inf,distracted,60.0
1304,65.200,inf,distracted,60.0
1305,65.250,inf,drowsy,80.0
1306,65.300,inf,drowsy,80.0
1307,65.350,inf,drowsy,80.0
1308,65.400,inf,drowsy,80.0
1309,65.450,inf,drowsy,80.0
1310,65.500,inf,drowsy,80.0
1311,65.550,inf,drowsy,80.0
1312,65.600,inf,drowsy,80.0
1313,65.650,inf,drowsy,80.0
1314,65.700,inf,drowsy,80.0
1315,65.750,inf,drowsy,80.0
1316,65.800,inf,drowsy,80.0
1317,65.850,inf,drowsy,80.0
1318,65.900,inf,drowsy,80.0
1319,65.950,inf,drowsy,80.0
1320,66.000,inf,drowsy,80.0
1321,66.050,inf,drowsy,80.0
1322,66.100,inf,drowsy,80.0
1323,66.150,inf,drowsy,80.0
1324,66.200,inf,drowsy,80.0
1325,66.250,inf,drowsy,80.0
1326,66.300,inf,drowsy,80.0
1327,66.350,inf,drowsy,80.0
1328,66.400,inf,drowsy,80.0
1329,66.450,inf,drowsy,80.0
1330,66.500,inf,drowsy,80.0
1331,66.550,inf,drowsy,80.0
1332,66.600,inf,drowsy,80.0
1333,66.650,inf,drowsy,80.0
1334,66.700,inf,drowsy,80.0
1335,66.750,inf,drowsy,80.0
1336,66.800,inf,drowsy,80.0
1337,66.850,inf,drowsy,80.0
1338,66.900,inf,drowsy,80.0
1339,66.950,inf,drowsy,80.0
1340,67.000,inf,drowsy,80.0
1341,67.050,inf,drowsy,80.0
1342,67.100,inf,drowsy,80.0
1343,67.150,inf,drowsy,80.0
1344,67.200,inf,drowsy,80.0
1345,67.250,inf,drowsy,80.0
1346,67.300,inf,alert,10.0
1347,67.350,inf,alert,10.0
1348,67.400,inf,alert,10.0
1349,67.450,inf,alert,10.0
1350,67.500,inf,alert,10.0
1351,67.550,inf,alert,10.0
1352,67.600,inf,alert,10.0
1353,67.650,inf,alert,10.0
1354,67.700,inf,drowsy,80.0
1355,67.750,inf,drowsy,80.0
1356,67.800,inf,alert,10.0
1357,67.850,inf,alert,10.0
1358,67.900,inf,alert,10.0
1359,67.950,inf,alert,10.0
1360,68.000,inf,alert,10.0
1361,68.050,inf,alert,10.0
1362,68.100,inf,distracted,60.0
1363,68.150,inf,distracted,60.0
1364,68.200,inf,distracted,60.0
1365,68.250,inf,distracted,60.0
1366,68.300,inf,distracted,60.0
1367,68.350,inf,distracted,60.0
1368,68.400,inf,drowsy,80.0
1369,68.450,inf,drowsy,80.0
1370,68.500,inf,drowsy,80.0
1371,68.550,inf,distracted,60.0
1372,68.600,inf,distracted,60.0
1373,68.650,inf,distracted,60.0
1374,68.700,inf,drowsy,80.0
1375,68.750,inf,drowsy,80.0
1376,68.800,inf,drowsy,80.0
1377,68.850,inf,drowsy,80.0
1378,68.900,inf,drowsy,80.0
1379,68.950,inf,drowsy,80.0
1380,69.000,inf,drowsy,80.0
1381,69.050,inf,drowsy,80.0
1382,69.100,inf,drowsy,80.0
1383,69.150,inf,drowsy,80.0
1384,69.200,inf,drowsy,80.0
1385,69.250,inf,drowsy,80.0
1386,69.300,inf,drowsy,80.0
1387,69.350,inf,drowsy,80.0
1388,69.400,inf,distracted,60.0
1389,69.450,inf,distracted,60.0
1390,69.500,inf,distracted,60.0
1391,69.550,inf,distracted,60.0
1392,69.600,inf,distracted,60.0
1393,69.650,inf,distracted,60.0
1394,69.700,inf,distracted,60.0
1395,69.750,inf,distracted,60.0
1396,69.800,inf,drowsy,80.0
1397,69.850,inf,drowsy,80.0
1398,69.900,inf,drowsy,80.0
1399,69.950,inf,drowsy,80.0
1400,70.000,inf,drowsy,80.0
1401,70.050,inf,drowsy,80.0
1402,70.100,inf,drowsy,80.0
1403,70.150,inf,drowsy,80.0
1404,70.200,inf,drowsy,80.0
1405,70.250,inf,drowsy,80.0
1406,70.300,inf,drowsy,80.0
1407,70.350,inf,drowsy,80.0
1408,70.400,inf,drowsy,80.0
1409,70.450,inf,drowsy,80.0
1410,70.500,inf,drowsy,80.0
1411,70.550,inf,drowsy,80.0
1412,70.600,inf,drowsy,80.0
1413,70.650,inf,drowsy,80.0
1414,70.700,inf,drowsy,80.0
1415,70.750,inf,drowsy,80.0
1416,70.800,inf,drowsy,80.0
1417,70.850,inf,drowsy,80.0
1418,70.900,inf,drowsy,80.0
1419,70.950,inf,drowsy,80.0
1420,71.000,inf,drowsy,80.0
1421,71.050,inf,drowsy,80.0
1422,71.100,inf,drowsy,80.0
1423,71.150,inf,drowsy,80.0
1424,71.200,inf,drowsy,80.0
1425,71.250,inf,drowsy,80.0
1426,71.300,inf,drowsy,80.0
1427,71.350,inf,drowsy,80.0
1428,71.400,inf,drowsy,80.0
1429,71.450,inf,drowsy,80.0
1430,71.500,inf,drowsy,80.0
1431,71.550,inf,drowsy,80.0
1432,71.600,inf,drowsy,80.0
1433,71.650,inf,drowsy,80.0
1434,71.700,inf,drowsy,80.0
1435,71.750,inf,drowsy,80.0
1436,71.800,inf,drowsy,80.0
1437,71.850,inf,drowsy,80.0
1438,71.900,inf,drowsy,80.0
1439,71.950,inf,drowsy,80.0
1440,72.000,inf,drowsy,80.0
1441,72.050,inf,drowsy,80.0
1442,72.100,inf,drowsy,80.0
1443,72.150,inf,drowsy,80.0
1444,72.200,inf,drowsy,80.0
1445,72.250,inf,drowsy,80.0
1446,72.300,inf,drowsy,80.0
1447,72.350,inf,drowsy,80.0
1448,72.400,inf,drowsy,80.0
1449,72.450,inf,drowsy,80.0
1450,72.500,inf,drowsy,80.0
1451,72.550,inf,drowsy,80.0
1452,72.600,inf,drowsy,80.0
1453,72.650,inf,drowsy,80.0
1454,72.700,inf,drowsy,80.0
1455,72.750,inf,drowsy,80.0
1456,72.800,inf,drowsy,80.0
1457,72.850,inf,drowsy,80.0
1458,72.900,inf,drowsy,80.0
1459,72.950,inf,drowsy,80.0
1460,73.000,inf,drowsy,80.0
1461,73.050,inf,drowsy,80.0
1462,73.100,inf,drowsy,80.0
1463,73.150,inf,drowsy,80.0
1464,73.200,inf,drowsy,80.0
1465,73.250,inf,drowsy,80.0
1466,73.300,inf,drowsy,80.0
1467,73.350,inf,drowsy,80.0
1468,73.400,inf,drowsy,80.0
1469,73.450,inf,drowsy,80.0
1470,73.500,inf,drowsy,80.0
1471,73.550,inf,drowsy,80.0
1472,73.600,inf,drowsy,80.0
1473,73.650,inf,drowsy,80.0
1474,73.700,inf,drowsy,80.0
1475,73.750,inf,drowsy,80.0
1476,73.800,inf,drowsy,80.0
1477,73.850,inf,drowsy,80.0
1478,73.900,inf,drowsy,80.0
1479,73.950,inf,drowsy,80.0
1480,74.000,inf,drowsy,80.0
1481,74.050,inf,drowsy,80.0
1482,74.100,inf,drowsy,80.0
1483,74.150,inf,drowsy,80.0
1484,74.200,inf,drowsy,80.0
1485,74.250,inf,drowsy,80.0
1486,74.300,inf,drowsy,80.0
1487,74.350,inf,drowsy,80.0
1488,74.400,inf,drowsy,80.0
1489,74.450,inf,drowsy,80.0
1490,74.500,inf,drowsy,80.0
1491,74.550,inf,drowsy,80.0
1492,74.600,inf,drowsy,80.0
1493,74.650,inf,drowsy,80.0
1494,74.700,inf,alert,0.0
1495,74.750,inf,alert,0.0
1496,74.800,inf,alert,0.0
1497,74.850,inf,drowsy,80.0
1498,74.900,inf,drowsy,80.0
1499,74.950,inf,drowsy,80.0
1500,75.000,inf,drowsy,80.0
1501,75.050,inf,drowsy,80.0
1502,75.100,inf,drowsy,80.0
1503,75.150,inf,drowsy,80.0
1504,75.200,inf,drowsy,80.0
1505,75.250,inf,drowsy,80.0
1506,75.300,inf,drowsy,80.0
1507,75.350,inf,drowsy,80.0
1508,75.400,inf,alert,10.0
1509,75.450,inf,alert,10.0
1510,75.500,inf,alert,10.0
1511,75.550,inf,alert,10.0
1512,75.600,inf,alert,10.0
1513,75.650,inf,alert,10.0
1514,75.700,inf,alert,10.0
1515,75.750,inf,drowsy,80.0
1516,75.800,inf,drowsy,80.0
1517,75.850,inf,drowsy,80.0
1518,75.900,inf,drowsy,80.0
1519,75.950,inf,drowsy,80.0
1520,76.000,inf,drowsy,80.0
1521,76.050,inf,drowsy,80.0
1522,76.100,inf,drowsy,80.0
1523,76.150,inf,drowsy,80.0
1524,76.200,inf,drowsy,80.0
1525,76.250,inf,drowsy,80.0
1526,76.300,inf,drowsy,80.0
1527,76.350,inf,drowsy,80.0
1528,76.400,inf,drowsy,80.0
1529,76.450,inf,drowsy,80.0
1530,76.500,inf,drowsy,80.0
1531,76.550,inf,drowsy,80.0
1532,76.600,inf,drowsy,80.0
1533,76.650,inf,drowsy,80.0
1534,76.700,inf,drowsy,80.0
1535,76.750,inf,drowsy,80.0
1536,76.800,inf,drowsy,80.0
1537,76.850,inf,drowsy,80.0
1538,76.900,inf,drowsy,80.0
1539,76.950,inf,drowsy,80.0
1540,77.000,inf,drowsy,80.0
1541,77.050,inf,drowsy,80.0
1542,77.100,inf,drowsy,80.0
1543,77.150,inf,drowsy,80.0
1544,77.200,inf,drowsy,80.0
1545,77.250,inf,drowsy,80.0
1546,77.300,inf,drowsy,80.0
1547,77.350,inf,drowsy,80.0
1548,77.400,inf,drowsy,80.0
1549,77.450,inf,drowsy,80.0
1550,77.500,inf,drowsy,80.0
1551,77.550,inf,drowsy,80.0
1552,77.600,inf,drowsy,80.0
1553,77.650,inf,drowsy,80.0
1554,77.700,inf,alert,0.0
1555,77.750,inf,drowsy,80.0
1556,77.800,inf,drowsy,80.0
1557,77.850,inf,drowsy,80.0
1558,77.900,inf,drowsy,80.0
1559,77.950,inf,drowsy,80.0
1560,78.000,inf,drowsy,80.0
1561,78.050,inf,drowsy,80.0
1562,78.100,inf,drowsy,80.0
1563,78.150,inf,drowsy,80.0
1564,78.200,inf,drowsy,80.0
1565,78.250,inf,drowsy,80.0
1566,78.300,inf,drowsy,80.0
1567,78.350,inf,drowsy,80.0
1568,78.400,inf,alert,10.0
1569,78.450,inf,alert,10.0
1570,78.500,inf,alert,10.0
1571,78.550,inf,alert,10.0
1572,78.600,inf,alert,10.0
1573,78.650,inf,alert,10.0
1574,78.700,inf,alert,10.0
1575,78.750,inf,alert,10.0
1576,78.800,inf,alert,10.0
1577,78.850,inf,distracted,60.0
1578,78.900,inf,distracted,60.0
1579,78.950,inf,distracted,60.0
1580,79.000,inf,distracted,60.0
1581,79.050,inf,distracted,60.0
1582,79.100,inf,distracted,60.0
1583,79.150,inf,distracted,60.0
1584,79.200,inf,distracted,60.0
1585,79.250,inf,distracted,60.0
1586,79.300,inf,distracted,60.0
1587,79.350,inf,distracted,60.0
1588,79.400,inf,distracted,60.0
1589,79.450,inf,distracted,60.0
1590,79.500,inf,distracted,60.0
1591,79.550,inf,distracted,60.0
1592,79.600,inf,distracted,60.0
1593,79.650,inf,drowsy,80.0
1594,79.700,inf,drowsy,80.0
1595,79.750,inf,drowsy,80.0
1596,79.800,inf,distracted,60.0
1597,79.850,inf,drowsy,80.0
1598,79.900,inf,drowsy,80.0
1599,79.950,inf,drowsy,80.0
1600,80.000,inf,drowsy,80.0
1601,80.050,inf,drowsy,80.0
1602,80.100,inf,drowsy,80.0
1603,80.150,inf,drowsy,80.0
1604,80.200,inf,drowsy,80.0
1605,80.250,inf,drowsy,80.0
1606,80.300,inf,drowsy,80.0
1607,80.350,inf,drowsy,80.0
1608,80.400,inf,drowsy,80.0
1609,80.450,inf,drowsy,80.0
1610,80.500,inf,drowsy,80.0
1611,80.550,inf,drowsy,80.0
1612,80.600,inf,drowsy,80.0
1613,80.650,inf,drowsy,80.0
1614,80.700,inf,drowsy,80.0
1615,80.750,inf,drowsy,80.0
1616,80.800,inf,drowsy,80.0
1617,80.850,inf,drowsy,80.0
1618,80.900,inf,drowsy,80.0
1619,80.950,inf,drowsy,80.0
1620,81.000,inf,drowsy,80.0
1621,81.050,inf,drowsy,80.0
1622,81.100,inf,drowsy,80.0
1623,81.150,inf,drowsy,80.0
1624,81.200,inf,drowsy,80.0
1625,81.250,inf,drowsy,80.0
1626,81.300,inf,drowsy,80.0
1627,81.350,inf,drowsy,80.0
1628,81.400,inf,drowsy,80.0
1629,81.450,inf,drowsy,80.0
1630,81.500,inf,drowsy,80.0
1631,81.550,inf,drowsy,80.0
1632,81.600,inf,drowsy,80.0
1633,81.650,inf,drowsy,80.0
1634,81.700,inf,drowsy,80.0
1635,81.750,inf,drowsy,80.0
1636,81.800,inf,drowsy,80.0
1637,81.850,inf,drowsy,80.0
1638,81.900,inf,drowsy,80.0
1639,81.950,inf,drowsy,80.0
1640,82.000,inf,drowsy,80.0
1641,82.050,inf,drowsy,80.0
1642,82.100,inf,drowsy,80.0
1643,82.150,inf,drowsy,80.0
1644,82.200,inf,drowsy,80.0
1645,82.250,inf,drowsy,80.0
1646,82.300,inf,drowsy,80.0
1647,82.350,inf,drowsy,80.0
1648,82.400,inf,drowsy,80.0
1649,82.450,inf,drowsy,80.0
1650,82.500,inf,drowsy,80.0
1651,82.550,inf,distracted,60.0
1652,82.600,inf,distracted,60.0
1653,82.650,inf,drowsy,80.0
1654,82.700,inf,drowsy,80.0
1655,82.750,inf,drowsy,80.0
1656,82.800,inf,drowsy,80.0
1657,82.850,inf,drowsy,80.0
1658,82.900,inf,drowsy,80.0
1659,82.950,inf,drowsy,80.0
1660,83.000,inf,drowsy,80.0
1661,83.050,inf,drowsy,80.0
1662,83.100,inf,distracted,60.0
1663,83.150,inf,distracted,60.0
1664,83.200,inf,distracted,60.0
1665,83.250,inf,distracted,60.0
1666,83.300,inf,distracted,60.0
1667,83.350,inf,distracted,60.0
1668,83.400,inf,distracted,60.0
1669,83.450,inf,distracted,60.0
1670,83.500,inf,drowsy,80.0
1671,83.550,inf,drowsy,80.0
1672,83.600,inf,drowsy,80.0
1673,83.650,inf,drowsy,80.0
1674,83.700,inf,drowsy,80.0
1675,83.750,inf,drowsy,80.0
1676,83.800,inf,alert,10.0
1677,83.850,inf,alert,10.0
1678,83.900,inf,alert,10.0
1679,83.950,inf,drowsy,80.0
1680,84.000,inf,alert,10.0
1681,84.050,inf,alert,10.0
1682,84.100,inf,alert,10.0
1683,84.150,inf,alert,10.0
1684,84.200,inf,alert,10.0
1685,84.250,inf,alert,10.0
1686,84.300,inf,alert,10.0
1687,84.350,inf,alert,10.0
1688,84.400,inf,alert,10.0
1689,84.450,inf,alert,10.0
1690,84.500,inf,alert,10.0
1691,84.550,inf,alert,10.0
1692,84.600,inf,alert,10.0
1693,84.650,inf,alert,10.0
1694,84.700,inf,alert,10.0
1695,84.750,inf,alert,10.0
1696,84.800,inf,alert,10.0
1697,84.850,inf,alert,10.0
1698,84.900,inf,alert,10.0
1699,84.950,inf,alert,10.0
1700,85.000,inf,alert,10.0
1701,85.050,inf,alert,10.0
1702,85.100,inf,alert,10.0
1703,85.150,inf,alert,10.0
1704,85.200,inf,alert,10.0
1705,85.250,inf,distracted,60.0
1706,85.300,inf,distracted,60.0
1707,85.350,inf,distracted,60.0
1708,85.400,inf,distracted,60.0
1709,85.450,inf,alert,10.0
1710,85.500,inf,alert,10.0
1711,85.550,inf,alert,10.0
1712,85.600,inf,alert,10.0
1713,85.650,inf,alert,10.0
1714,85.700,inf,alert,10.0
1715,85.750,inf,alert,10.0
1716,85.800,inf,drowsy,80.0
1717,85.850,inf,drowsy,80.0
1718,85.900,inf,drowsy,80.0
1719,85.950,inf,drowsy,80.0
1720,86.000,inf,alert,10.0
1721,86.050,inf,alert,10.0
1722,86.100,inf,alert,10.0
1723,86.150,inf,distracted,60.0
1724,86.200,inf,distracted,60.0
1725,86.250,inf,distracted,60.0
1726,86.300,inf,distracted,60.0
1727,86.350,inf,alert,0.0
1728,86.400,inf,alert,0.0
1729,86.450,inf,distracted,60.0
1730,86.500,inf,distracted,60.0
1731,86.550,inf,distracted,60.0
1732,86.600,inf,drowsy,80.0
1733,86.650,inf,distracted,60.0
1734,86.700,inf,distracted,60.0
1735,86.750,inf,drowsy,80.0
1736,86.800,inf,drowsy,80.0
1737,86.850,inf,alert,10.0
1738,86.900,inf,alert,10.0
1739,86.950,inf,alert,10.0
1740,87.000,inf,alert,10.0
1741,87.050,inf,alert,10.0
1742,87.100,inf,alert,10.0
1743,87.150,inf,alert,10.0
1744,87.200,inf,alert,10.0
1745,87.250,inf,alert,10.0
1746,87.300,inf,alert,10.0
1747,87.350,inf,alert,10.0
1748,87.400,inf,alert,10.0
1749,87.450,inf,alert,10.0
1750,87.500,inf,alert,10.0
1751,87.550,inf,alert,10.0
1752,87.600,inf,alert,10.0
1753,87.650,inf,alert,10.0
1754,87.700,inf,alert,10.0
1755,87.750,inf,alert,10.0
1756,87.800,inf,alert,10.0
1757,87.850,inf,alert,10.0
1758,87.900,inf,alert,10.0
1759,87.950,inf,alert,10.0
1760,88.000,inf,alert,10.0
1761,88.050,inf,alert,10.0
1762,88.100,inf,alert,10.0
1763,88.150,inf,alert,10.0
1764,88.200,inf,alert,10.0
1765,88.250,inf,alert,10.0
1766,88.300,inf,alert,10.0
1767,88.350,inf,alert,10.0
1768,88.400,inf,alert,10.0
1769,88.450,inf,alert,10.0
1770,88.500,inf,alert,10.0
1771,88.550,inf,alert,10.0
1772,88.600,inf,alert,10.0
1773,88.650,inf,alert,10.0
1774,88.700,inf,alert,10.0
1775,88.750,inf,alert,10.0
1776,88.800,inf,alert,10.0
1777,88.850,inf,alert,10.0
1778,88.900,inf,alert,10.0
1779,88.950,inf,alert,10.0
1780,89.000,inf,alert,10.0
1781,89.050,inf,alert,10.0
1782,89.100,inf,alert,10.0
1783,89.150,inf,alert,10.0
1784,89.200,inf,alert,10.0
1785,89.250,inf,alert,10.0
1786,89.300,inf,alert,10.0
1787,89.350,inf,alert,10.0
1788,89.400,inf,alert,10.0
1789,89.450,inf,alert,10.0
1790,89.500,inf,alert,10.0
1791,89.550,inf,alert,10.0
1792,89.600,inf,alert,10.0
1793,89.650,inf,alert,10.0
1794,89.700,inf,alert,10.0
1795,89.750,inf,alert,10.0
1796,89.800,inf,alert,10.0
1797,89.850,inf,alert,10.0
1798,89.900,inf,alert,10.0
1799,89.950,inf,alert,10.0
